index,class,subclass,prov/terr,municipality,file_name,provider,source_url,licence,format,source_id,street_name,source_class,surface_type,width,geometry,geom_type,inscope_filter,inscope_value,bike_column,bike_value,walk_column,walk_value,multi_column,multi_value
0,walking,sidewalks,nb,Fredericton,Sidewalks,City of Fredericton,https://opendata.arcgis.com/api/v3/datasets/9678a90ca83b4d1a851194e3db4a5cdd_0/downloads/data?format=shp&spatialRefId=4326,Request Permission,shp,UNIQUE_ID,Street,,,,geometry,linestring,Program,Extension__Local Improvement__New__Rebuild__Renewal,,,,,,
1,biking,streets,nb,Moncton,Active_Transportation,City of Moncton,https://opendata.arcgis.com/api/v3/datasets/939cf40923ce44e590d3ad47c4a429ff_0/downloads/data?format=shp&spatialRefId=2953,https://www5.moncton.ca/docs/Open_Data_Terms_of_Use.pdf,shp,UNIQUEID,STNAME,ATROUTE,SRTYPE,,geometry,linestring,,,,,,,,
2,walking,pathways,nb,Moncton,Pathways,City of Moncton,https://opendata.arcgis.com/api/v3/datasets/edfd46d2747c4ce5881270b9ad6b7d71_0/downloads/data?format=shp&spatialRefId=2953,https://www5.moncton.ca/docs/Open_Data_Terms_of_Use.pdf,shp,OBJECTID,,CLASS,SURFACE_TY,,geometry,linestring,,,,,,,,
3,multi-use,trails,nb,Moncton,Trails,City of Moncton,https://opendata.arcgis.com/api/v3/datasets/a46d5a4641394cf6b75803746ba2c0c5_0/downloads/data?format=shp&spatialRefId=2953,https://www5.moncton.ca/docs/Open_Data_Terms_of_Use.pdf,shp,OBJECTID,,CLASS,SURFACE_TY,,geometry,linestring,CLASS,Multi-Use,,,,,CLASS,Multi-Use
4,multi-use,sidewalks,nb,Moncton,Sidewalk,City of Moncton,https://opendata.arcgis.com/api/v3/datasets/42863c0bd44a48718c622dd5dc410081_0/downloads/data?format=shp&spatialRefId=2953,https://www5.moncton.ca/docs/Open_Data_Terms_of_Use.pdf,shp,UNIQUEID,STNAME,FCODE,SURFACE,WIDTH,geometry,linestring,,,,,FCODE,SIDEWALK,FCODE,MP TRAIL
5,walking,sidewalks,nb,Saint John,Sidewalks,City of Saint John,https://opendata.arcgis.com/api/v3/datasets/02b56e64a7eb41af9f0534620fe01be6_0/downloads/data?format=shp&spatialRefId=2953,,shp,OBJECTID,,,Material,,geometry,linestring,,,,,,,,
0,multi-use,,on,Ajax,Recreational_Trails,City of Ajax,https://opendata.arcgis.com/api/v3/datasets/cf1493a01cf94730b4d2d80fc1cf869e_25/downloads/data?format=shp&spatialRefId=26917 ,http://townofajax.maps.arcgis.com/sharing/rest/content/items/22e2d8e248724d7cb0310dc2db675abd/data ,shp,OBJECTID,NAME,AMENITIES,SURFACE_TY ,WIDTH,geometry,linestring,STATUS,Complete,,,,,,
1,biking,,on,Ajax,Active_Transportation,City of Ajax,https://opendata.arcgis.com/api/v3/datasets/3f209784f44f4f1ab337ca52b680ba56_14/downloads/data?format=shp&spatialRefId=26917 ,http://townofajax.maps.arcgis.com/sharing/rest/content/items/22e2d8e248724d7cb0310dc2db675abd/data ,shp,OBJECTID,LOCATION,TYPE,,,geometry,linestring,STATUS,__Active,,,,,,
2,multi-use,,on,Barrie,Trail,City of Barrie,https://opendata.arcgis.com/api/v3/datasets/c350bf11964b4d38b3d11fadd4a6431d_0/downloads/data?format=shp&spatialRefId=26917 ,https://www.barrie.ca/Online%20Services/PublishingImages/OpenData_Images/COB_DataLicense.pdf ,shp,OBJECTID,NAME,TYPE,SURFACE,WIDTH,geometry,linestring,,,,,,,,
3,walking,,on,Barrie,Sidewalk_Walkway,City of Barrie,https://opendata.arcgis.com/api/v3/datasets/8b479953601f4355a29ea668885c8415_12/downloads/data?format=shp&spatialRefId=26917 ,https://www.barrie.ca/Online%20Services/PublishingImages/OpenData_Images/COB_DataLicense.pdf ,shp,OBJECTID,,TYPE,SURFACE,WIDTH,geometry,linestring,,,,,,,,
4,multi-use,,on,Brampton,Recreational_Trails,City of Brampton,https://opendata.arcgis.com/api/v3/datasets/7a4019577fcf4a4f86da22add04816cf_0/downloads/data?format=shp&spatialRefId=3857 ,https://creativecommons.org/licenses/by/4.0/ ,shp,OBJECTID,,TRAIL_TYPE,,,geometry,linestring,,,TRAIL_TYPE,ON ROAD SIGNED ROUTE__ON STREET BIKE LANE,TRAIL_TYPE,SIDEWALK__WALKWAY__CROSSWALK,TRAIL_TYPE,APRON__BRIDGE__MULTI-USE__MULTI-USE PATH__UNDERPASS
5,walking,,on,Brampton,Sidewalks,City of Brampton,https://opendata.arcgis.com/api/v3/datasets/c12841a99a754aa8aa7080c1521cf0a2_0/downloads/data?format=shp&spatialRefId=3857 ,https://creativecommons.org/licenses/by/4.0/ ,shp,OBJECTID,,DESCR,,,geometry,linestring,,,,,,,,
6,walking,,on,Brantford,62a431d1-261f-4865-8695-dee8a95c53312020329-1-1an0ts.zuwtd,City of Brantford,https://opendata.arcgis.com/api/v3/datasets/97107fc9971d47cc8959adcb2fe31129_0/downloads/data?format=shp&spatialRefId=2958 ,http://data-brantford.opendata.arcgis.com/ ,shp,OBJECTID,Location,Typ,,,geometry,linestring,,,,,,,,
7,multi-use,,on,Burlington,Cycling_Network,City of Burlington,https://opendata.arcgis.com/api/v3/datasets/28c2c17222c54820a4284a7a70b7c61b_0/downloads/data?format=shp&spatialRefId=26917  ,https://www.burlington.ca/en/services-for-you/resources/Ongoing_Projects/Open_Data/OpenDataBurlingtonTermsOfUseSeptember192011.pdf ,shp,OBJECTID,STREET_NAM,FACILITY,,,geometry,linestring,,,FACILITY,BL__BL-SHARED__PS__SHARED,,,FACILITY,MUPADJ__MUPOFF
8,walking,,on,Burlington,Pedestrian_Network,City of Burlington,https://opendata.arcgis.com/api/v3/datasets/cf47586aa5774fe5a5eb71aea3eb1de6_0/downloads/data?format=shp&spatialRefId=26917 ,https://www.burlington.ca/en/services-for-you/resources/Ongoing_Projects/Open_Data/OpenDataBurlingtonTermsOfUseSeptember192011.pdf ,shp,OBJECTID,STREET_NAM,,PN_TYPE,SDWK_WIDTH,geometry,linestring,,,,,,,,
9,multi-use,bikeways,on,Cambridge,Bikeway_Network,City of Cambridge,https://opendata.arcgis.com/api/v3/datasets/423bf24abf76441cad8a1f4b8b982ede_2/downloads/data?format=shp&spatialRefId=26917 ,https://www.cambridge.ca/en/your-city/resources/Open-Data-Licence-Version-2.pdf ,shp,OBJECTID,STREET_NAM,TYPE,SURFACE_MA,,geometry,linestring,STATUS,IN SERVICE,TYPE,BIKE LANE__PAVED SHOULDER__WIDE SHARED LANE__SIGNED ROUTE,,,TYPE,PARK__MULTI-USE TRAIL__MULTI-USE SECONDARY__MULTI-USE PRIMARY__ACCESS
10,multi-use,trails,on,Cambridge,Trails,City of Cambridge,https://opendata.arcgis.com/api/v3/datasets/4c49dbf8baee48f1a8dba63a21bb416a_3/downloads/data?format=shp&spatialRefId=26917 ,https://www.cambridge.ca/en/your-city/resources/Open-Data-Licence-Version-2.pdf ,shp,OBJECTID,STREET_NAM,TRAIL_TYPE,SURFACE_MA,WIDTH,geometry,linestring,,,BIKE_ROUTE,YES,,,BIKE_ROUTE,NO
11,multi-use,pedestrian,on,Cambridge,Pedestrian_Network,City of Cambridge,https://opendata.arcgis.com/api/v3/datasets/4c49dbf8baee48f1a8dba63a21bb416a_3/downloads/data?format=shp&spatialRefId=26917 ,https://www.cambridge.ca/en/your-city/resources/Open-Data-Licence-Version-2.pdf ,shp,OBJECTID,,ASSET_TYPE,SURFACE_MA,WIDTH,geometry,linestring,,,,,ASSET_TYPE,SIDE_WALK__WALKWAY,ASSET_TYPE,TRAIL
12,multi-use,,on,Cornwall,Recreational_Path,City of Cornwall,https://opendata.arcgis.com/api/v3/datasets/deff651b312946028aa0cef30e1f5931_0/downloads/data?format=shp&spatialRefId=26918 ,https://www.cornwall.ca/en/play-here/resources/Maps/City-of-Cornwall-Open-Government-Licence.pdf ,shp,FID,,,,,geometry,linestring,,,ON_ROAD,Y,,,ON_ROAD,N
13,walking,,on,Cornwall,Streets__26_Paved_Surfaces,City of Cornwall,https://opendata.arcgis.com/api/v3/datasets/69bd391438854a2db0cedda6ac5b8408_45/downloads/data?format=shp&spatialRefId=26918 ,https://www.cornwall.ca/en/play-here/resources/Maps/City-of-Cornwall-Open-Government-Licence.pdf ,shp,FID,,Type,,,geometry,polygon,Type,Sidewalk,,,,,,
14,multi-use,,on,Greater Sudbury,d8444b29-7906-412b-8d48-c6d2ebdf3f8d2020329-1-16dao5q.nnfs,City of Greater Sudbury,https://opendata.arcgis.com/api/v3/datasets/adcc3371d39344a0a75cd33b3ceeb75e_1/downloads/data?format=shp&spatialRefId=26917 ,https://www.greatersudbury.ca/city-hall/open-government/open-data/licence/ ,shp,OBJECTID,Name_EN,Category_E,,,geometry,linestring,,,Category_E,Bike Lane__Cycle Track__Edgeline__Paved Shoulder,,,Category_E,Trail__Multiuse Path
15,biking,,on,Guelph,OnRoadCyclingNetwork,City of Guelph,http://data.open.guelph.ca/datafiles/gis/OnRoadCyclingNetwork.geojson ,http://data.open.guelph.ca/pages/open-government-licence ,geojson,OBJECTID,STREET,,,,geometry,linestring,,,,,,,,
16,walking,,on,Guelph,Sidewalks,City of Guelph,http://data.open.guelph.ca/datafiles/gis/Sidewalks.zip ,http://data.open.guelph.ca/pages/open-government-licence ,shp,OBJECTID_1,,,,,geometry,linestring,,,,,,,,
17,biking,,on,Hamilton,Bikeways,City of Hamilton,https://opendata.arcgis.com/api/v3/datasets/544170b5b1be435592b1aea014265c7d_7/downloads/data?format=shp&spatialRefId=26917 ,https://www.hamilton.ca/city-initiatives/strategies-actions/open-data-licence-terms-and-conditions ,shp,OBJECTID,NAME,TYPE,,,geometry,linestring,,,,,,,,
18,walking,sidewalks,on,Hamilton,Road_Sidewalk,City of Hamilton,https://opendata.arcgis.com/api/v3/datasets/28d8bca8e8cb48868c15a213276ba5a9_2/downloads/data?format=shp&spatialRefId=26917 ,https://www.hamilton.ca/city-initiatives/strategies-actions/open-data-licence-terms-and-conditions ,shp,OBJECTID,,,,,geometry,linestring,,,,,,,,
19,walking,pedestrian,on,Hamilton,Pedestrian_Features,City of Hamilton,https://opendata.arcgis.com/api/v3/datasets/be3df05bdf7240dca272422abe002695_5/downloads/data?format=shp&spatialRefId=26917 ,https://www.hamilton.ca/city-initiatives/strategies-actions/open-data-licence-terms-and-conditions ,shp,OBJECTID,ST_NAME,CATEGORY,,,geometry,linestring,,,,,,,,
20,multi-use,,on,Kawartha Lakes,Trails,City of Kawartha Lakes,https://opendata.arcgis.com/api/v3/datasets/9544bcaaa5dc44cfa75b5222878d0c04_0/downloads/data?format=shp&spatialRefId=4326 ,https://ago-item-storage.s3.us-east-1.amazonaws.com/8166769837ab488785217db71b5c39b9/Disclaimer_and_Terms_of_Service.pdf?X-Amz-Security-Token=IQoJb3JpZ2luX2VjEJH%2F%2F%2F%2F%2F%2F%2F%2F%2F%2FwEaCXVzLWVhc3QtMSJHMEUCIQCzGDFbmWfiJKQgxVWT4uCdk7%2B9DMLvx8xFJTFm2sGDKgIgG9GqaceCPcFKuPLTM3fiHd6DGd%2FGrShOt9BXrpuAeL4q%2BgMIGRAAGgw2MDQ3NTgxMDI2NjUiDHwQHzUi2zUWjT9yQirXA3DuLc4GZJ5uu2J%2FzsixyvD5g3AxNp%2FUO7HPv5FxsUgj%2BdIZ8hPlhj2S4xIZ6NxMHtnc08eSTwvli2Rokh3CfI52jSmj6F21cjUbtuyfQmOZPdEGG9ybgLKsAhWekt6W%2B8ICp6gs%2FYxQpWyaK3PE3xIMmkcd8ytrWO3Fh7tcBHB0SQeLmQuEOHz4scE8%2BTcEeupesQRIsEBeXnto6%2BBrIdIbVLfIneyISVArpyjUtMNdhzFzW0tOzCu2qzkjw5P5ki386SZKmzgmp5xzdxg%2BLkxAJ4JHgYvpI9MyyLUj3ZgB03VrKBuUbAqjZSKj7XVeVO6s6i8LYW9JjrGPafGMtk8rMNGtfVVb69F3J%2F3RuN7%2F8S6Y644uzm2fp%2F81Tz5AhW1PkCkHao%2BK70DV2lG4r3NBkrxYWw6ZnBn7WO349SvD8xmpjS%2FiFbowuwQoWYl49HXAIac0EqwJb%2BTl8bjBo3cQhOlXJ%2B1HId1743dWyfymo5G1Kevl4SaRtFecn5eso%2B%2F1IpAKP%2FS9lCpdOA1WrJYyJYMuGNxbtBejoaA2B45ROosJpQ83I6kXdPv13ugpnIFutxqvEuvZdl87pwS67POJ5b571OU1DxbXgc2wqBLcoJ2cBDPd2jDc6paLBjqlAaTbH5rjD6UySDJ6C0riViES7bf%2BOlNvs727sSXui%2B5VqQyEYTQtLJCUIGlOXUt%2Bk8f%2BO2HAmgGIDzXv9nwSXSo%2BuOcNnzhAixdBXm%2BW9XbfoH%2BfDH5PqM9DuImCZ0zApTeNFs6wr5wKQIf31g%2B2LTq2SeYL%2Bps%2BJazqQf5MNWZWun3aZO1%2BlJANFQdzzTGY6Zro7oEp3SD80ZCRTdJ1T5iiXjDkAA%3D%3D&X-Amz-Algorithm=AWS4-HMAC-SHA256&X-Amz-Date=20211012T171059Z&X-Amz-SignedHeaders=host&X-Amz-Expires=300&X-Amz-Credential=ASIAYZTTEKKEQKTLNPXZ%2F20211012%2Fus-east-1%2Fs3%2Faws4_request&X-Amz-Signature=9b35ea009c760b52bd295280c972fd06b76779a4d09865f287d89aa83fd79c43 ,shp,OBJECTID,Name,,,,geometry,linestring,,,,,,,,
21,walking,,on,Kawartha Lakes,Sidewalks,City of Kawartha Lakes,https://opendata.arcgis.com/api/v3/datasets/7952ecd0e1c743408aad6588c45ab998_0/downloads/data?format=shp&spatialRefId=4326 ,https://ago-item-storage.s3.us-east-1.amazonaws.com/8166769837ab488785217db71b5c39b9/Disclaimer_and_Terms_of_Service.pdf?X-Amz-Security-Token=IQoJb3JpZ2luX2VjEJH%2F%2F%2F%2F%2F%2F%2F%2F%2F%2FwEaCXVzLWVhc3QtMSJHMEUCIQCzGDFbmWfiJKQgxVWT4uCdk7%2B9DMLvx8xFJTFm2sGDKgIgG9GqaceCPcFKuPLTM3fiHd6DGd%2FGrShOt9BXrpuAeL4q%2BgMIGRAAGgw2MDQ3NTgxMDI2NjUiDHwQHzUi2zUWjT9yQirXA3DuLc4GZJ5uu2J%2FzsixyvD5g3AxNp%2FUO7HPv5FxsUgj%2BdIZ8hPlhj2S4xIZ6NxMHtnc08eSTwvli2Rokh3CfI52jSmj6F21cjUbtuyfQmOZPdEGG9ybgLKsAhWekt6W%2B8ICp6gs%2FYxQpWyaK3PE3xIMmkcd8ytrWO3Fh7tcBHB0SQeLmQuEOHz4scE8%2BTcEeupesQRIsEBeXnto6%2BBrIdIbVLfIneyISVArpyjUtMNdhzFzW0tOzCu2qzkjw5P5ki386SZKmzgmp5xzdxg%2BLkxAJ4JHgYvpI9MyyLUj3ZgB03VrKBuUbAqjZSKj7XVeVO6s6i8LYW9JjrGPafGMtk8rMNGtfVVb69F3J%2F3RuN7%2F8S6Y644uzm2fp%2F81Tz5AhW1PkCkHao%2BK70DV2lG4r3NBkrxYWw6ZnBn7WO349SvD8xmpjS%2FiFbowuwQoWYl49HXAIac0EqwJb%2BTl8bjBo3cQhOlXJ%2B1HId1743dWyfymo5G1Kevl4SaRtFecn5eso%2B%2F1IpAKP%2FS9lCpdOA1WrJYyJYMuGNxbtBejoaA2B45ROosJpQ83I6kXdPv13ugpnIFutxqvEuvZdl87pwS67POJ5b571OU1DxbXgc2wqBLcoJ2cBDPd2jDc6paLBjqlAaTbH5rjD6UySDJ6C0riViES7bf%2BOlNvs727sSXui%2B5VqQyEYTQtLJCUIGlOXUt%2Bk8f%2BO2HAmgGIDzXv9nwSXSo%2BuOcNnzhAixdBXm%2BW9XbfoH%2BfDH5PqM9DuImCZ0zApTeNFs6wr5wKQIf31g%2B2LTq2SeYL%2Bps%2BJazqQf5MNWZWun3aZO1%2BlJANFQdzzTGY6Zro7oEp3SD80ZCRTdJ1T5iiXjDkAA%3D%3D&X-Amz-Algorithm=AWS4-HMAC-SHA256&X-Amz-Date=20211012T171059Z&X-Amz-SignedHeaders=host&X-Amz-Expires=300&X-Amz-Credential=ASIAYZTTEKKEQKTLNPXZ%2F20211012%2Fus-east-1%2Fs3%2Faws4_request&X-Amz-Signature=9b35ea009c760b52bd295280c972fd06b76779a4d09865f287d89aa83fd79c43 ,shp,OBJECTID,,,,,geometry,linestring,,,,,,,,
22,biking,,on,Kingston,cycling-facilities,City of Kingston,https://opendatakingston.cityofkingston.ca/explore/dataset/cycling-facilities/download/?format=shp&timezone=America/New_York&lang=en ,https://www.cityofkingston.ca/documents/10180/144997/CityofKingston_OpenDataLicense.pdf ,shp,,,cycle_statu,,,geometry,linestring,,,,,,,,
23,multi-use,trails,on,Kingston,trails,City of Kingston,https://opendatakingston.cityofkingston.ca/explore/dataset/trails/download/?format=shp&timezone=America/New_York&lang=en ,https://www.cityofkingston.ca/documents/10180/144997/CityofKingston_OpenDataLicense.pdf ,shp,,trailname,activities,,,geometry,linestring,,,activities,Contains BICYCLING,activities,Contains WALKING,,
24,multi-use,paths,on,Kingston,paths,City of Kingston,https://opendatakingston.cityofkingston.ca/explore/dataset/paths/download/?format=shp&timezone=America/New_York&lang=en ,https://www.cityofkingston.ca/documents/10180/144997/CityofKingston_OpenDataLicense.pdf ,shp,,description,,material,,geometry,polygon,,,,,,,,
25,walking,,on,Kingston,sidewalk-surface,City of Kingston,https://opendatakingston.cityofkingston.ca/explore/dataset/sidewalk-surface/download/?format=shp&timezone=America/New_York&lang=en ,https://www.cityofkingston.ca/documents/10180/144997/CityofKingston_OpenDataLicense.pdf ,shp,,,,material,,geometry,polygon,,,,,,,,
26,multi-use,,on,Kitchener,Active_Transportation,City of Kitchener,https://open-kitchenergis.opendata.arcgis.com/datasets/walkability/explore?location=43.429372%2C-80.477727%2C13.00 ,https://www.kitchener.ca/en/council-and-city-administration/open-data-licence.aspx ,shp,OBJECTID,STREET,SUBCATEGOR,SURFACE_MA,WIDTH_M,geometry,linestring,,,,,CATEGORY,SIDEWALKS AND WALKWAYS,CATEGORY,PATHWAYS__NETWORK LINKS
27,biking,,on,London,Bike_Routes_-_On_Street,City of London,https://opendata.arcgis.com/api/v3/datasets/b9ccfd746f2640b78cc18d2b78ef586a_20/downloads/data?format=shp&spatialRefId=26917 ,https://london.maps.arcgis.com/sharing/rest/content/items/e31458fd0c7e41dd9f93144a9550781d/data ,shp,OBJECTID,,OSBR_Route,,,geometry,linestring,OSBR_Statu,Existing,,,,,,
28,multi-use,,on,London,Bicycle_routes_and_Walking_Trails,City of London,https://opendata.london.ca/datasets/a1c044cbeb5c4030909764177cd35a26_2/explore?location=42.960950%2C-81.258350%2C12.74 ,https://london.maps.arcgis.com/sharing/rest/content/items/e31458fd0c7e41dd9f93144a9550781d/data ,shp,OBJECTID,,PathType,,,geometry,linestring,,,,,PathType,Walking Trails,PathType,Multi Use Path
29,walking,sidewalks,on,London,Sidewalks,City of London,https://opendata.arcgis.com/api/v3/datasets/6dc013901d03481c822f1e0d0af4e7fa_4/downloads/data?format=shp&spatialRefId=26917 ,https://london.maps.arcgis.com/sharing/rest/content/items/e31458fd0c7e41dd9f93144a9550781d/data ,shp,OBJECTID,,,Material,Width,geometry,linestring,,,,,,,,
30,walking,walkways,on,London,Walkways,City of London,https://opendata.arcgis.com/api/v3/datasets/687a84ceb6f0415d9188a5992afa5234_6/downloads/data?format=shp&spatialRefId=26917 ,https://london.maps.arcgis.com/sharing/rest/content/items/e31458fd0c7e41dd9f93144a9550781d/data ,shp,OBJECTID,,,,,geometry,linestring,,,,,,,,
31,multi-use,cycle_routes,on,Markham,Bicycle_Routes,City of Markham,https://data-markham.opendata.arcgis.com/datasets/bicycle-routes/explore ,https://data-markham.opendata.arcgis.com/pages/terms-of-use ,shp,OBJECTID,,TYPE,,,geometry,linestring,,,TYPE,Bike Lane__Cycle Track__Paved Shoulder__Shared Roadway__Shared Roadway with Urban Shoulder,,,TYPE,Multi Use
32,multi-use,trails,on,Markham,Trails,City of Markham,https://data-markham.opendata.arcgis.com/datasets/trails/explore?location=43.855679%2C-79.307250%2C12.98 ,https://data-markham.opendata.arcgis.com/pages/terms-of-use ,shp,OBJECTID,TRAIL_NAME,,MATERIAL,,geometry,linestring,,,,,,,,
33,walking,,on,Milton,Sidewalks,Town of Milton,https://discover-milton.hub.arcgis.com/datasets/sidewalks-1/explore?location=74.145547%2C-15.231819%2C0.00,https://discover-milton.hub.arcgis.com/pages/disclaimer-and-terms-of-use,shp,OBJECTID,,CATEGORY,MATERIAL,,geometry,linestring,,,,,,,,
34,multi-use,,on,Milton,Trails,Town of Milton,https://discover-milton.hub.arcgis.com/datasets/trails/explore?location=-0.000000%2C0.000000%2C0.00,https://discover-milton.hub.arcgis.com/pages/disclaimer-and-terms-of-use,shp,OBJECTID,,CATEGORY,MATERIAL,,geometry,linestring,,,,,CATEGORY,PEDESTRIAN BRIDGE__PEDESTRIAN BRIDGE RAMP__PEDESTRIAN BRIDGE STAIRS,CATEGORY,MULTI-USE TRAIL__REGIONAL MULTI-USE TRAIL__SWMP TRAIL__SWMP TRAIL INDUSTRIAL__TRAIL__UNMANAGED TRAIL
35,multi-use,,on,Mississauga,2021_City_of_Mississauga_-_Cycling_Network,City of Mississauga,https://data.mississauga.ca/datasets/2021-city-of-mississauga-cycling-network/explore?location=43.585820%2C-79.658673%2C17.50,https://smartcity.mississauga.ca/wp-content/uploads/2021/04/CityofMississauga_TermsofUse.pdf,shp,FID_1,,Exist_Type,Surface,,geometry,linestring,Status,Existing__Existing-Upgrade,Exist_Type,Bike Lane - Buffered__ Bike Lane - Single Line__Cycle Track__Paved Shoulder__Shared Route - Sharrows__Shared Route - Signed,Exist_Type,Walkway,Exist_Type,Multi-Use Trail__Off-Road Trail
36,multi-use,trails,on,Newmarket,TRAILS,Town of Newmarket,http://open.newmarket.ca/opendata/navigo/show?id=27b906fe7109f796&disp=default,https://www.newmarket.ca/TownGovernment/Pages/Open%20Data/Open-Data-User-Licence.aspx,shp,OBJECTID,,CLASS,SURFACE,,geometry,linestring,STATUS,Existing,,,,,CLASS,MULTI-USE PATH
37,multi-use,trailsbike,on,Newmarket,TRAILS_CYCLING,Town of Newmarket,http://open.newmarket.ca/opendata/navigo/show?id=e18007779caa5135&disp=default,https://www.newmarket.ca/TownGovernment/Pages/Open%20Data/Open-Data-User-Licence.aspx,shp,OBJECTID,,CLASS,SURFACE,,geometry,linestring,STATUS,Existing,CLASS,ADVISORY BIKE LANE__BUFFERED BIKE LANE__CONVENTIONAL BIKE LANE__SHARROWS__STREET,,,CLASS,IN-BOULEVARD MULTI USE PATH__MULTI-USE PATH
38,multi-use,,on,Niagara Falls,community-public-trails_processed,City of Niagara Falls,https://niagarafalls.ca/services/open/data/586-community-public-trails.od,https://niagarafalls.ca/services/open/terms-and-conditions.aspx,shp,OBJECTID,Address,TYPE,SURFACE,,geometry,linestring,STATUS,Existing,,,,,TYPE,Multi-Use
39,biking,,on,Niagara Falls,community-bike-lanes_processed,City of Niagara Falls,https://niagarafalls.ca/services/open/data/790-community-bike-lanes.od,https://niagarafalls.ca/services/open/terms-and-conditions.aspx,shp,OBJECTID,STREET_NAM,LANE_TYPE,,,geometry,linestring,,,,,,,,
40,multi-use,,on,Norfolk County,Trails,Norfolk County,https://opendata.norfolkcounty.ca/datasets/trails/explore?location=42.587416%2C-80.969744%2C9.37,https://data-norfolk.opendata.arcgis.com/pages/terms-of-use,shp,FID_1,,USES_ALLOW,SURFACE,,geometry,linestring,STATUS,Maintained__Seasonal__Restricted__Unmaintained,USES_ALLOW,Contains Biking__Contains Cycling,USES_ALLOW,Contains Walking__Contains Running,,
41,walking,,on,Oakville,Sidewalks,Town of Oakville,https://portal-exploreoakville.opendata.arcgis.com/datasets/sidewalks-1/explore?location=43.441359%2C-79.709683%2C15.95,https://www.oakville.ca/data/open_data_licence.html,shp,OBJECTID,,ASSET_TYPE,SURFACE_TY,,geometry,linestring,,,,,,,,
42,multi-use,,on,Oakville,Trails,Town of Oakville,https://portal-exploreoakville.opendata.arcgis.com/datasets/trails-2/explore?location=43.447150%2C-79.710600%2C12.99,https://www.oakville.ca/data/open_data_licence.html,shp,OBJECTID,,ASSET_TYPE,SURFACE_TY,,geometry,linestring,,,,,ASSET_TYPE,Crosstown or Corridor__Park Walkway__Path__Road Crossing__Walkway/Accessway,ASSET_TYPE,Multi-use
43,biking,,on,Oakville,Cycling_Routes,Town of Oakville,https://portal-exploreoakville.opendata.arcgis.com/datasets/cycling-routes-1/explore?location=43.447400%2C-79.719500%2C12.99,https://www.oakville.ca/data/open_data_licence.html,shp,OBJECTID,,,SURFACE_TY,,geometry,linestring,STATUS1,Existing,,,,,,
44,biking,,on,Orangeville,Line_layer,Town of Orangeville,https://data-orangeville.opendata.arcgis.com/datasets/bike-routes/explore?location=43.916447%2C-80.093000%2C12.86,https://data.orangeville.ca/opendata.html#licence,shp,FID_1,,,,,geometry,linestring,,,,,,,,
45,walking,,on,Orangeville,Sidewalks,Town of Orangeville,https://data-orangeville.opendata.arcgis.com/datasets/sidewalks/explore?location=43.912348%2C-80.104550%2C14.71,https://data.orangeville.ca/opendata.html#licence,shp,OBJECTID,,,SURFTYPE,WIDTH,geometry,linestring,,,,,,,,
46,walking,,on,Ottawa,Sidewalks,City of Ottawa,https://open.ottawa.ca/datasets/sidewalks/explore?location=45.417762%2C-75.688897%2C10.76,https://ottawa.ca/en/city-hall/open-transparent-and-accountable-government/open-data#open-data-licence-version-2-0,shp,OBJECTID,,,,,geometry,polygon,,,,,,,,
47,multi-use,,on,Ottawa,Cycling_Network,City of Ottawa,https://open.ottawa.ca/datasets/cycling-network/explore?location=45.236448%2C-75.801676%2C0.90,https://ottawa.ca/en/city-hall/open-transparent-and-accountable-government/open-data#open-data-licence-version-2-0,shp,OBJECTID,,EXISTING_C,,,geometry,linestring,EXISTING_C,Bike Lane__Crossride__Cycle Track__Mountain Bike Trail__Path__Paved Shoulder__Segregated Bike Lane,EXISTING_C,Bike Lane__Crossride__Cycle Track__Mountain Bike Trail__Paved Shoulder__Segregated Bike Lane,,,EXISTING_C,Path
48,biking,,on,Peterborough,Ba_BikewayNetwork,City of Peterborough,https://data-ptbo.opendata.arcgis.com/datasets/official-plan-schedule-ba-bikeway-network-1/explore?location=44.314450%2C-78.326567%2C13.14,https://data-ptbo.opendata.arcgis.com/pages/terms-of-use,shp,OBJECTID,,DESIGNATIO,,,geometry,linestring,,,,,,,,
49,multi-use,,on,Peterborough,Pedestrian_Network_Line,City of Peterborough,https://data-ptbo.opendata.arcgis.com/datasets/pedestrian-network-line/explore?location=44.315800%2C-78.331500%2C13.29,https://data-ptbo.opendata.arcgis.com/pages/terms-of-use,shp,OBJECTID,STREET_NAM,LINE_TYPE,,,geometry,linestring,,,LINE_TYPE,Bicycle Lane,LINE_TYPE,Footpath__Sidewalk__Sidewalk Walkway,LINE_TYPE,Bicycle and Footpath__Trail Connecting Link__Trail Roadside
50,multi-use,,on,St Catharines,Schedule f1 parks _ trails,City of St. Catharines,https://niagaraopendata.ca/dataset/st-catharines-parks-trails,https://niagaraopendata.ca/pages/open-government-license-2-0-the-corporation-of-the-city-of-st-catharines,shp,FID,,trailtype,,,geometry,linestring,trailtype,trails existing,,,,,,
51,multi-use,pedestrian,on,Toronto,pednet,City of Toronto,https://ckan0.cf.opendata.inter.prod-toronto.ca/download_resource/3ce9a0a9-c66d-4324-820a-ce44dabb2b46,https://open.toronto.ca/open-data-license/,shp,OBJECTID,,road_type,,,geometry,linestring,road_type,Access Road__Collector__Laneway__Local__Major Arterial__Minor Arterial__Other__Pathway__Trail__Walkway,,,road_type,Access Road__Collector__Laneway__Local__Major Arterial__Minor Arterial__Other__Pathway__Walkway,road_type,Trail
52,multi-use,bikenet,on,Toronto,Bike network data_processed,City of Toronto,https://ckan0.cf.opendata.inter.prod-toronto.ca/download_resource/b979652c-caa1-4fb7-ac1f-9915949bc64b?format=shp&projection=4326,https://open.toronto.ca/open-data-license/,shp,FIELD_2,FIELD_7,source_cla,FIELD_12,,geometry,linestring,FIELD_15,Contains Bike__Contains Cycle__Contains Edge__Contains MUT__Contains Multi__Contains Park__Contains Sharrows__Contains Signed__Contains  ,FIELD_18,Contains BL__Contains Bike__Contains Sharrows__Contains Signed,,,FIELD_18,Contains Multi__Contains Park
53,biking,,on,Waterloo,Cycling_Infrastructure,City of Waterloo,https://opendata-city-of-waterloo.opendata.arcgis.com/datasets/cycling-infrastructure/explore?location=43.481716%2C-80.548744%2C13.83,https://data.waterloo.ca/pages/open-data-licence,shp,FID_1,STREET,ASSET_TYPE,,,geometry,linestring,,,,,,,,
54,multi-use,activetrans,on,Waterloo,Major_Active_Transportation_Routes,City of Waterloo,https://opendata-city-of-waterloo.opendata.arcgis.com/datasets/major-active-transportation-routes/explore?location=43.490164%2C-80.530982%2C13.14,https://data.waterloo.ca/pages/open-data-licence,shp,FID_1,,,SURFACE,,geometry,linestring,STATUS,Built,,,,,,
55,multi-use,regionaltrails,on,Waterloo,Trails_Regional,City of Waterloo,https://rowopendata-rmw.opendata.arcgis.com/datasets/trails/explore?location=43.456150%2C-80.541100%2C11.72,https://data.waterloo.ca/pages/open-data-licence,shp,OBJECTID,Streetname,TrailType,SurfaceMaterial,Width_m,geometry,linestring,,,,,,,,
56,walking,walkability,on,Waterloo,Walkability_Network,City of Waterloo,https://opendata-city-of-waterloo.opendata.arcgis.com/datasets/walkability-network/explore?location=43.483788%2C-80.537344%2C13.81,https://data.waterloo.ca/pages/open-data-licence,shp,FID_1,,TYPE,,,geometry,linestring,STATUS,Active,,,,,,
57,biking,,on,Welland,Welland_Bicycle_Lanes,City of Welland,https://open.welland.ca/datasets/welland-bicycle-lanes/explore?location=42.984050%2C-79.225900%2C13.28,https://open-welland.hub.arcgis.com/pages/terms-of-use,shp,OBJECTID,StreetName,,Surface,,geometry,linestring,,,,,,,,
58,multi-use,,on,Welland,Welland_City_Wide_Trails,City of Welland,https://open.welland.ca/datasets/welland-city-wide-trails/explore?location=42.984050%2C-79.225900%2C13.28,https://open-welland.hub.arcgis.com/pages/terms-of-use,shp,OBJECTID,,Class,Surface,,geometry,linestring,,,,,,,,
59,walking,,on,Windsor,Sidewalks_UTM83,City of Windsor,https://opendata.citywindsor.ca/Uploads/Sidewalks_UTM83.zip,https://www.citywindsor.ca/opendata/Documents/OpenDataTermsofUse.pdf,shp,FID,,,,,geometry,linestring,,,,,,,,
60,multi-use,,on,Windsor,Trails_UTM83,City of Windsor,https://opendata.citywindsor.ca/Uploads/Trails_UTM83.zip,https://www.citywindsor.ca/opendata/Documents/OpenDataTermsofUse.pdf,shp,OBJECTID,,LAYER,,,geometry,linestring,,,LAYER,Existing Bike Lane__Existing Signed Route,,,LAYER,Multi-UseTrail_HGP
0,multi-use,Trails1,yt,Whitehorse,Whitehorse_Trails_10k,Government of Yukon,https://map-data.service.yukon.ca/GeoYukon/Transportation/Whitehorse_Trails_10k/Whitehorse_Trails_10k.shp.zip,https://open.yukon.ca/data/open-government-licence-yukon,shp,ID,,FEATURE,,,geometry,linestring,,,,,FEATURE,Cutline__Gravel Surface__Trail__,,
1,multi-use,Trails2,yt,Whitehorse,DBO_Trails_NonMotorized_2005,City of Whitehorse,https://data.whitehorse.ca/Transportation/Trails_NonMotorized_2005.zip,,shp,OBJECTID,,DXF_LAYER,,,geometry,linestring,,,CAD_LAYER,Bike Lanes,DXF_LAYER,TRAIL,,
0,multi-use,pathways,sk,Regina,Pathways,City of Regina,https://ckanprodstorage.blob.core.windows.net/opendata/Pathways/SHP_ZIP/shp.Pathways.zip,,shp,OBJECTID,,ASSET_TYPE,,,geometry,linestring,,,ASSET_TYPE,ON STREET BICYCLE ROUTE__,,,ASSET_TYPE,MULTIUSE PATHWAY SYSTEM__BICYCLES ALLOWED ON SIDEWALKS
1,walking,,sk,Regina,PaveLine,City of Regina,https://ckanprodstorage.blob.core.windows.net/opendata/PaveLine/SHP_ZIP/shp.PaveLine.zip,,shp,id,,LAYERNAME,,,geometry,linestring,,,,,,,,
2,walking,,sk,Saskatoon,Sidewalks,City of Saskatoon,https://opendata.arcgis.com/api/v3/datasets/f27f1a0e2b2c4b19a69eaacc935f630f_1/downloads/data?format=shp&spatialRefId=4326,,shp,OBJECTID,,SourceLaye,,,geometry,linestring,,,,,,,,
3,multi-use,,sk,Saskatoon,Walkways_and_Paths,City of Saskatoon,https://opendata.arcgis.com/api/v3/datasets/f27f1a0e2b2c4b19a69eaacc935f630f_2/downloads/data?format=shp&spatialRefId=4326,,shp,OBJECTID,,SourceLaye,,,geometry,linestring,,,SourceLaye,GCWA1BKW$BIKEWAY__GCWD3BKW$BIKEWAY,SourceLaye,GCWA1WW_$WALKWAY__GCWA1BP_$BRIDGE_PEDESTRIAN__GCWD3WW_$WALKWAY__GCWA1WP_$WALK_PARK__GSLA1PPD$PATH_PEDESTRIAN__GCWA1TUN$TUNNEL__GCWA1PW_$WALK_PRIVATE__GSLD3PPD$PATH_PEDESTRIAN,,
0,multi-use,,ab,Airdrie,Airdrie_Pathway,City of Airdrie,https://data-airdrie.opendata.arcgis.com/datasets/airdrie::airdrie-pathway/about,https://data-airdrie.opendata.arcgis.com/pages/our-open-licence,shp,FID,,Class,Material,Width_m,geometry,linestring,,,,,,,,
1,biking,,ab,Calgary,Calgary_Bikeways,City of Calgary,https://data.calgary.ca/api/views/jjqk-9b73/rows.csv?accessType=DOWNLOAD,https://data.calgary.ca/stories/s/Open-Calgary-Terms-of-Use/u45n-7awa,csv,,,BICYCLE_CLASS,,,MULTILINESTRING,multilinestring,STATUS,EXISTING,BICYCLE_CLASS,On-Street Bikeway__Shared Lane__Bicycle Lane__Cycle Track__Neighbourhood Greenway,,,,
2,multi-use,,ab,Calgary,geo_export_4d247d16-47e5-416a-b833-60827b73fff8,City of Calgary,https://data.calgary.ca/api/geospatial/tfmd-grpe?method=export&format=Shapefile,https://data.calgary.ca/stories/s/Open-Calgary-Terms-of-Use/u45n-7awa,shp,trail_id,,type_descr,material,,geometry,linestring,,,,,,,,
3,multi-use,,ab,Chestermere,Pathways,City of Chestermere,https://data-chestermere.opendata.arcgis.com/datasets/Chestermere::pathways-1/explore?location=51.041200%2C-113.834800%2C13.44,https://data-chestermere.opendata.arcgis.com/datasets/Chestermere::pathways-1/explore?location=51.041200%2C-113.834800%2C13.44,shp,GlobalID,,,MATERIAL,WIDTH,geometry,linestring,,,,,,,,
4,walking,,ab,Chestermere,Sidewalks,City of Chestermere,https://data-chestermere.opendata.arcgis.com/datasets/Chestermere::sidewalks-2/explore?location=51.040750%2C-113.831500%2C13.79,https://data-chestermere.opendata.arcgis.com/datasets/Chestermere::sidewalks-2/explore?location=51.040750%2C-113.831500%2C13.79,shp,Asset_ID,,Type,Material,,geometry,linestring,,,,,,,,
5,multi-use,,ab,Cochrane,Cochrane_Pathways,City of Cochrane,https://opendata.arcgis.com/api/v3/datasets/5e3ff5394f02493a9c31f00f4363e676_0/downloads/data?format=shp&spatialRefId=4326,https://www.cochrane.ca/947/Open-Data-Licence,shp,ASSET_ID,,,SURFACE,,geometry,linestring,,,,,,,,
6,biking,,ab,Edmonton,geo_export_bb849d11-83cf-4935-b431-6466dc5ab601,City of Edmonton,https://data.edmonton.ca/api/geospatial/vd4b-a4iv?method=export&format=Shapefile,https://data.edmonton.ca/stories/s/City-of-Edmonton-Open-Data-Terms-of-Use/msh8-if28/,shp,id,street_nam,classifca,,,geometry,linestring,,,,,,,classifica,Walkway / Breezeway__Shared Pathway__Shared Trail
7,walking,,ab,Edmonton,geo_export_6eacaec4-e505-4b53-95cb-625a24d9dcec,City of Edmonton,https://data.edmonton.ca/api/geospatial/4feb-tv8p?method=export&format=Shapefile,https://data.edmonton.ca/stories/s/City-of-Edmonton-Open-Data-Terms-of-Use/msh8-if28/,shp,id,,type,,,geometry,linestring,,,,,,,,
8,multi-use,,ab,Grande Prairie,Trails,City of Grande Prairie,https://opendata.arcgis.com/api/v3/datasets/99d1efcacd444ce2bac966cc862162d4_0/downloads/data?format=shp&spatialRefId=3401,https://www.cityofgp.com/sites/default/files/uploads/policy-procedure/policy_702.pdf,shp,SDE_ID,,,SURFACE_TY,,geometry,linestring,,,,,,,,
9,walking,,ab,Grande Prairie,Sidewalks,City of Grande Prairie,https://opendata.arcgis.com/api/v3/datasets/b4f58774b2a24d1dbf172f4e099b8383_0/downloads/data?format=shp&spatialRefId=3401,https://www.cityofgp.com/sites/default/files/uploads/policy-procedure/policy_702.pdf,shp,SDE_ID,,,SIDEWALK_T,,geometry,linestring,,,,,,,,
10,multi-use,,ab,Lethbridge,Trail_System,City of Lethbridge,https://opendata.arcgis.com/api/v3/datasets/a579955711fa4a41bf8bc517a7acf7d9_0/downloads/data?format=shp&spatialRefId=4326,https://www.lethbridge.ca/Pages/OpenDataLicense.aspx,shp,,,,,,geometry,linestring,,,,,,,,
11,multi-use,,ab,Okotoks,opendata,Town of Okotoks,https://opendata.arcgis.com/api/v3/datasets/e0551b6867044fbeb05381ac9758c5c9_9/downloads/data?format=shp&spatialRefId=4326,https://okotoksmaps-okotoks.hub.arcgis.com/pages/open-data-licence,shp,OBJECTID,,,Surface_Ty,Path_Width,geometry,linestring,,,,,,,,
12,walking,,ab,Okotoks,opendata,Town of Okotoks,https://opendata.arcgis.com/api/v3/datasets/e0551b6867044fbeb05381ac9758c5c9_12/downloads/data?format=shp&spatialRefId=4326,https://okotoksmaps-okotoks.hub.arcgis.com/pages/open-data-licence,shp,OBJECTID,Street_Nam,,,,geometry,linestring,,,,,,,,
13,multi-use,,ab,Parkland County,Trails,Parkland County,https://opendata.arcgis.com/api/v3/datasets/f9363cec2c8c41419ba28839ab68dcb3_0/downloads/data?format=shp&spatialRefId=3402,https://www.parklandcounty.com/en/live-and-play/open-data-license.aspx,shp,OBJECTID,TrailName,,SurfType,,geometry,linestring,,,,,,,,
14,multi-use,,ab,Red Deer,Trails,City of Red Deer,https://data.reddeer.ca/datasets/trails/download/shapefile,https://data.reddeer.ca/About,shp,,,Type,Material,,geometry,polygon,,,,,,,,
15,multi-use,,ab,Saint Albert,Pathways_and_Sidewalks,City of Saint Albert,https://opendata.arcgis.com/api/v3/datasets/daa8e10833c94225b81b275be8974a57_0/downloads/data?format=shp&spatialRefId=3776,https://data.stalbert.ca/pages/licence,shp,OBJECTID,,Type,Material,Width,geometry,linestring,Type,Sidewalk__Stairs__Footbridge__Trail,,,Type,Sidewalk__Stairs__Footbridge,Type,Trail
16,multi-use,,ab,Strathcona County,geo_export_8c42dc50-1dc1-4d87-a7c4-205ca63e9aa7,Strathcona County,https://data.strathcona.ca/api/geospatial/y32e-f4ge?method=export&format=Shapefile,https://data.strathcona.ca/stories/s/bxnd-tfzb,shp,,,class,surface,,geometry,linestring,,,,,,,,
0,biking,,bc,Abbotsford,Cycling_Routes,City of Abbotsford,https://opendata.arcgis.com/api/v3/datasets/9a01c38428bd431e9e5d88d41bc139d6_176/downloads/data?format=shp&spatialRefId=26910,https://opendata-abbotsford.hub.arcgis.com/pages/city-of-abbotsford-open-data-licence,shp,OBJECTID,,TYPE,,,geometry,linestring,,,,,,,,
1,walking,,bc,Abbotsford,Trails,City of Abbotsford,https://opendata.arcgis.com/api/v3/datasets/84ca83e85e444e9a82044b999f053483_177/downloads/data?format=shp&spatialRefId=26910,https://opendata-abbotsford.hub.arcgis.com/pages/city-of-abbotsford-open-data-licence,shp,OBJECTID,NAME,TYPE,MATERIAL,WIDTH,geometry,linestring,,,,,,,,
2,biking,,bc,Burnaby,Bike_Trails,City of Burnaby,https://opendata.arcgis.com/api/v3/datasets/ded8a9769572435e8d6b548a7e864abc_15/downloads/data?format=shp&spatialRefId=4326,https://data.burnaby.ca/pages/open-government-licence,shp,COMPKEY,ST_NAME_C,TYPE,,,geometry,linestring,,,,,,,,
3,multi-use,trails,bc,Burnaby,Trans_Canada_Trail,City of Burnaby,https://opendata.arcgis.com/api/v3/datasets/c9432dfb7de4414d88534ddd3a867bf4_13/downloads/data?format=shp&spatialRefId=4326,https://data.burnaby.ca/pages/open-government-licence,shp,OBJECTID,,,MATERIAL,WIDTH,geometry,linestring,,,,,,,,
4,multi-use,paths,bc,Burnaby,Urban_Paths__26_Trails,City of Burnaby,https://opendata.arcgis.com/api/v3/datasets/a67af76a2e834288be38c5c8f7bbbd93_14/downloads/data?format=shp&spatialRefId=4326,https://data.burnaby.ca/pages/open-government-licence,shp,OBJECTID,,TRAILCLASS,SURFACE,WIDTH,geometry,linestring,,,,,,,,
5,multi-use,,bc,Campbell River,Downloadable_Bike_Routes,City of Campbell River,https://opendata.arcgis.com/api/v3/datasets/090691684a21480aa859654821aae349_0/downloads/data?format=shp&spatialRefId=26910,https://data-crcc.opendata.arcgis.com/datasets/090691684a21480aa859654821aae349_0/explore,shp,OBJECTID,,FAC_TYPE,,,geometry,linestring,USL_STATUS,EXISTING,FAC_TYPE,BICYCLE LANE__LOCAL BIKEWAY,,,FAC_TYPE,MULTI-USE PATHWAY
6,biking,,bc,Chilliwack,Bicycle_Trails,City of Chilliwack,https://www.chilliwack.com/main/page.cfm?id=2331&odAction=SHP&odID=139,https://www.chilliwack.com/main/page.cfm?id=2391,shp,,,CLASS,,,geometry,linestring,,,,,,,,
7,walking,,bc,Chilliwack,Sidewalks,City of Chilliwack,https://www.chilliwack.com/main/page.cfm?id=2331&odAction=SHP&odID=162,https://www.chilliwack.com/main/page.cfm?id=2391,shp,AssetID,,,,,geometry,linestring,,,,,,,,
8,multi-use,,bc,Chilliwack,Trails,City of Chilliwack,https://www.chilliwack.com/main/page.cfm?id=2331&odAction=SHP&odID=164,https://www.chilliwack.com/main/page.cfm?id=2391,shp,AssetID,,TRAIL_TYPE,,,geometry,linestring,,,,,,,,
9,multi-use,cycling,bc,Coquitlam,Cycling_Routes,Coquitlam,https://opendata.arcgis.com/api/v3/datasets/b511b13ea7104eeab79bf6969bbae426_14/downloads/data?format=shp&spatialRefId=4326,https://www.coquitlam.ca/894/Open-Government-Licence,shp,OBJECTID,,FAC_TYPE,SURFACE,WIDTH,geometry,linestring,STATUS,Existing,FAC_TYPE,Bike Lane__Shared Bikeway,,,FAC_TYPE,Multi-Use Pathway (MUP)
10,multi-use,trails,bc,Coquitlam,Maintained_Trails,Coquitlam,https://opendata.arcgis.com/api/v3/datasets/00ff485accf74cb586bd3320b9a09af8_10/downloads/data?format=shp&spatialRefId=4326,https://www.coquitlam.ca/894/Open-Government-Licence,shp,OBJECTID,,TRAIL_CLAS,GENERAL_TY,,geometry,linestring,STATUS,Existing,,,TRAIL_CLAS,Boardwalk__Bridge__Nature Trail__Park Connector__Park Pathway__Stairs__Urban Nature Trail,TRAIL_CLAS,Urban Multi-Use Trail
11,walking,sidewalks,bc,Coquitlam,Sidewalks,Coquitlam,https://opendata.arcgis.com/api/v3/datasets/b511b13ea7104eeab79bf6969bbae426_11/downloads/data?format=shp&spatialRefId=4326,https://www.coquitlam.ca/894/Open-Government-Licence,shp,OBJECTID,,DESCRIPTIO,SURFACE_MA,WIDTH,geometry,linestring,STATUS,OPERATING,,,,,,
12,walking,walkways,bc,Coquitlam,Walkways,Coquitlam,https://opendata.arcgis.com/api/v3/datasets/b511b13ea7104eeab79bf6969bbae426_12/downloads/data?format=shp&spatialRefId=4326,https://www.coquitlam.ca/894/Open-Government-Licence,shp,OBJECTID,,DESCRIPTIO,SURFACE_MA,,geometry,linestring,STATUS,OPERATING,,,,,,
13,multi-use,,bc,Courtenay,Trails,City of Courtenay,https://opendata.arcgis.com/api/v3/datasets/b65706aefec947fab5a4a880c8f263a3_0/downloads/data?format=shp&spatialRefId=4326,https://data-courtenay.opendata.arcgis.com/pages/city-of-courtenay-open-data-licence,shp,OBJECTID,,Class,,,geometry,linestring,Class,Existing Greenway__Non-City Greenway,,,,,,
14,walking,,bc,Kamloops,Sidewalk,City of Kamloops,https://opendata.arcgis.com/api/v3/datasets/edd854a5c4de45a384098d1273b1dad5_12/downloads/data?format=shp&spatialRefId=3157,https://www.kamloops.ca/node/29807,shp,OBJECTID,STREETNAME,,SURFACEMAT,WIDTH,geometry,linestring,,,,,,,,
15,multi-use,,bc,Kamloops,Trails_and_Bikeways,City of Kamloops,https://opendata.arcgis.com/api/v3/datasets/3dff112559bc4fcda83a3a36e75b63ac_24/downloads/data?format=shp&spatialRefId=3157,https://www.kamloops.ca/node/29807,shp,OBJECTID,NAME,TYPE,SURFACEMAT,,geometry,linestring,,,TYPE,BIKE LANE__MARKED WIDE CURB LANE__SIGNED ROUTE,TYPE,PEDESTRIAN SHOULDER__TRAIL,TYPE,MULTI USE
16,multi-use,,bc,Kelowna,Active_Transportation_Network,City of Kelowna,https://opendata.arcgis.com/api/v3/datasets/d96897fe9f6348cfb33a497c8684707a_0/downloads/data?format=shp&spatialRefId=26911,https://apps.kelowna.ca/images/opendata/OpenGovernmentLicence.pdf,shp,OBJECTID,NAME,FacilityTy,,,geometry,linestring,,,FacilityTy,Bike Lane__Cycle Track,FacilityTy,Sidewalk,FacilityTy,"Shared-Use Pathway, Unpaved__Shared-Use Pathway, Paved"
17,walking,,bc,Kelowna,Walkway,City of Kelowna,https://opendata.arcgis.com/api/v3/datasets/5d0af2a1f5ae4ec7905d7efbb97e1976_85/downloads/data?format=shp&spatialRefId=26911,https://apps.kelowna.ca/images/opendata/OpenGovernmentLicence.pdf,shp,OBJECTID,Road,,Surface_Ma,Width,geometry,linestring,,,,,,,,
18,multi-use,,bc,Langley,Trails,City of Langely,https://opendata.arcgis.com/api/v3/datasets/db1c6b25041447f19b0bc7a0fa4e4f82_0/downloads/data?format=shp&spatialRefId=26910,https://www.tol.ca/connect/talk-to-us/freedom-of-information/open-data-license/,shp,OBJECTID,Trail Name,,,,geometry,linestring,,,,,,,,
19,biking,,bc,Maple Ridge,Bike_Routes,City of Maple Ridge,https://opendata.arcgis.com/api/v3/datasets/812e524070764d258b96692297f1c5ba_6/downloads/data?format=shp&spatialRefId=26910,https://opengov.mapleridge.ca/pages/terms-of-use,shp,OBJECTID,,Type,SurfaceTyp,,geometry,linestring,,,,,,,,
20,walking,sidewalks,bc,Maple Ridge,Sidewalks,City of Maple Ridge,https://opendata.arcgis.com/api/v3/datasets/f9f30657f7d0403bb93fbadd95c1aaf4_10/downloads/data?format=shp&spatialRefId=26910,https://opengov.mapleridge.ca/pages/terms-of-use,shp,OBJECTID,,,,,geometry,linestring,,,,,,,,
21,multi-use,,bc,Maple Ridge,Trails,City of Maple Ridge,https://opendata.arcgis.com/api/v3/datasets/7e40bbb83bae4298a63069a55e475241_9/downloads/data?format=shp&spatialRefId=26910,https://opengov.mapleridge.ca/pages/terms-of-use,shp,OBJECTID,TrailName,Trail,TrailSurfa,,geometry,linestring,,,,,,,,
22,walking,walkways,bc,Maple Ridge,Walkways,City of Maple Ridge,https://opendata.arcgis.com/api/v3/datasets/7fa79ea537f4425fb962d632ced5f2df_11/downloads/data?format=shp&spatialRefId=26910,https://opengov.mapleridge.ca/pages/terms-of-use,shp,OBJECTID,,,,,geometry,linestring,,,,,,,,
23,biking,,bc,Nanaimo,BIKE_ROUTES,City of Nanaimo,https://www.nanaimo.ca/GISFiles/shp/Roadnetwork.zip,https://www.nanaimo.ca/your-government/maps-data/open-data-catalogue/open-data-catalogue-licence,shp,GID,STREETNAME,CLASS,SURFACE,,geometry,linestring,BIKEROUTE,Current,,,,,,
24,walking,sidewalks,bc,Nanaimo,SIDEWALKS,City of Nanaimo,https://www.nanaimo.ca/GISFiles/shp/Roadnetwork.zip,https://www.nanaimo.ca/your-government/maps-data/open-data-catalogue/open-data-catalogue-licence,shp,GID,,,MATERIAL,WIDTH,geometry,linestring,,,,,,,,
25,walking,trails,bc,Nanaimo,TRAILS,City of Nanaimo,https://www.nanaimo.ca/GISFiles/shp/Trails.zip,https://www.nanaimo.ca/your-government/maps-data/open-data-catalogue/open-data-catalogue-licence,shp,TRAILID,NAME,,SURFTYPE,,geometry,linestring,,,,,,,,
26,biking,,bc,New Westminster,PARKS_BIKEWAYS,City of New Westminster,http://opendata.newwestcity.ca/downloads/parks-bikeways/PARKS_BIKEWAYS.ZIP,http://opendata.newwestcity.ca/licence,shp,OBJECTID,,,Paved,,geometry,linestring,,,,,,,,
27,multi-use,greenways,bc,New Westminster,PARKS_MAJOR_NAMED_GREENWAYS,City of New Westminster,http://opendata.newwestcity.ca/downloads/parks-major-greenways/PARKS_MAJOR_NAMED_GREENWAYS.ZIP,http://opendata.newwestcity.ca/licence ,shp,OBJECTID,FullName,,,,geometry,linestring,,,,,,,,
28,multi-use,trails,bc,New Westminster,PARKS_TRAILS,City of New Westminster,http://opendata.newwestcity.ca/downloads/park-trails/PARKS_TRAILS.ZIP,http://opendata.newwestcity.ca/licence,shp,OBJECTID,,,Paved,,geometry,linestring,,,Bike,Y,Bike,N,,
29,walking,,bc,North Vancouver,RodSidewalkCenterline,City of North Vancouver,http://geoweb.dnv.org/Products/Data/SHP/RodSidewalkCenterline_shp.zip,http://opendata.newwestcity.ca/licence,shp,OBJECTID,,,,,geometry,linestring,,,,,,,,
30,biking,,bc,North Vancouver,TrnBiking,City of North Vancouver,http://geoweb.dnv.org/Products/Data/SHP/TrnBiking_shp.zip,http://opendata.newwestcity.ca/licence,shp,OBJECTID,STREET,STATUS_RES,AM_MATERIA,,geometry,linestring,STATUS_RES,Contains Existing,,,,,,
31,multi-use,,bc,North Vancouver,TrnTrailPublic,City of North Vancouver,http://geoweb.dnv.org/Products/Data/SHP/TrnTrailPublic_shp.zip,http://opendata.newwestcity.ca/licence,shp,OBJECTID,,PRIMARY_US,AM_MATERIA,,geometry,linestring,,,PRIMARY_US,MOUNTAIN BIKING,,,PRIMARY_US,MULTI-USE
32,biking,,bc,Penticton,Street_Bike_Lane,City of Penticton,https://opendata.arcgis.com/api/v3/datasets/a083f8d8cb004932abab4406b28994bd_822/downloads/data?format=shp&spatialRefId=2955,https://www.penticton.ca/sites/default/files/docs/our-community/maps-gis/2020-07-02-PDF-Open%20Data%20Government%20Licence.pdf,shp,OBJECTID,,,,,geometry,linestring,PROPEXIST,EXI,,,,,,
33,multi-use,,bc,Port Moody,Pathways,City of Port Moody,https://opendata.arcgis.com/api/v3/datasets/9f3aa5c190924e6dafad7cb588716c70_46/downloads/data?format=shp&spatialRefId=4326,https://www.portmoody.ca/en/city-hall/open-data-terms-of-use.aspx,shp,OBJECTID,location,class,material,width,geometry,linestring,,,class,BIKE PATH,class,TRAIL,class,MULTI PATH
34,walking,,bc,Port Moody,Transportation_Sidewalks,City of Port Moody,https://opendata.arcgis.com/api/v3/datasets/63aa875df2b140729fde77f11776a56a_0/downloads/data?format=shp&spatialRefId=4326,https://www.portmoody.ca/en/city-hall/open-data-terms-of-use.aspx,shp,FID,Road_Name,,,Width,geometry,linestring,,,,,,,,
35,biking,,bc,Prince George,Cycle_Network_Existing_OCP_8383,City of Prince George,https://opendata.arcgis.com/api/v3/datasets/c86fe6c11b5e49929aaf3768b1552746_5/downloads/data?format=shp&spatialRefId=26910,https://www2.gov.bc.ca/gov/content/data/open-data/open-government-licence-bc,shp,OBJECTID,,,,,geometry,linestring,,,,,,,,
36,walking,sidewalks,bc,Prince George,Sidewalks,City of Prince George,https://opendata.arcgis.com/api/v3/datasets/f88320dacbae41a19d7c36dadec70bdb_0/downloads/data?format=shp&spatialRefId=26910,https://www2.gov.bc.ca/gov/content/data/open-data/open-government-licence-bc,shp,OBJECTID,Location,,SurfaceMat,Width,geometry,linestring,,,,,,,,
37,multi-use,,bc,Prince George,Trails,City of Prince George,https://opendata.arcgis.com/api/v3/datasets/da68732f23704558b7dbc0d4f3037ced_4/downloads/data?format=shp&spatialRefId=26910,https://www2.gov.bc.ca/gov/content/data/open-data/open-government-licence-bc,shp,OBJECTID,TrailName,,SurfaceMat,Width,geometry,linestring,,,SubType_TE,PBikePath__,SubType_TE,PWalkingPath__,,
38,walking,walkways,bc,Prince George,Walkways,City of Prince George,https://opendata.arcgis.com/api/v3/datasets/f88320dacbae41a19d7c36dadec70bdb_1/downloads/data?format=shp&spatialRefId=26910,https://www2.gov.bc.ca/gov/content/data/open-data/open-government-licence-bc,shp,OBJECTID,Location,,SurfaceMat,Width,geometry,linestring,,,,,,,,
39,walking,,bc,Saanich,Trails,City of Saanich,https://map.saanich.ca/gisdata/Trails/TrailsSHP.zip?_ga=2.59107688.478426350.1635108771-1337301169.1635108771,https://www.saanich.ca/assets/Local~Government/Documents/SaanichDataCatalogueLicence.pdf,shp,,,TYPE,SURFACE,WIDTH,geometry,linestring,,,,,,,,
40,biking,,bc,Surrey,bike_routes,City of Surrey,https://cosmos.surrey.ca/geo_ref/Images/OpenDataArchives/Bike_Routes_JSON.zip,https://data.surrey.ca/pages/open-government-licence-surrey,geojson,,,,MATERIAL,,geometry,linestring,STATUS,__In Service,,,,,,
41,walking,sidewalks,bc,Surrey,sidewalks,City of Surrey,https://cosmos.surrey.ca/geo_ref/Images/OpenDataArchives/Sidewalks_JSON.zip,https://data.surrey.ca/pages/open-government-licence-surrey,geojson,FACILITYID,,,MATERIAL,WIDTH,geometry,linestring,,,,,,,,
42,multi-use,trails,bc,Surrey,trails_and_paths,City of Surrey,https://cosmos.surrey.ca/geo_ref/Images/OpenDataArchives/Trails_and_Paths_JSON.zip,https://data.surrey.ca/pages/open-government-licence-surrey,geojson,,OPERATING_LOCATION,ROUTE_TYPE2,MATERIAL,WIDTH,geometry,linestring,STATUS,In Service,,,ROUTE_TYPE2,General Access and Recreation__Pedestrian Bridge__Walkway,ROUTE_TYPE2,Multi-use Pathway__Universal Access
43,biking,,bc,Vancouver,bikeways,City of Vancouver,https://opendata.vancouver.ca/explore/dataset/bikeways/download/?format=shp&timezone=America/New_York&lang=en,https://opendata.vancouver.ca/pages/licence/,shp,object_id,street_name,bikeway_typ,surface_typ,,geometry,linestring,status,Active,,,,,,
44,multi-use,,bc,Vancouver,greenways,City of Vancouver,https://opendata.vancouver.ca/explore/dataset/greenways/download/?format=shp&timezone=America/New_York&lang=en,https://opendata.vancouver.ca/pages/licence/,shp,,name,,,,geometry,linestring,,,,,,,,
45,multi-use,,bc,Vernon,BikeLanes_COV,City of Vernon,https://opendata.arcgis.com/api/v3/datasets/c8a3d5943dd74aa0bef706ca9a9bd05e_0/downloads/data?format=shp&spatialRefId=3857,https://www.vernon.ca/government-services/maps-gis/open-data-catalogue,shp,OBJECTID,,Major_Cate,,,geometry,linestring,,,Major_Cate,Bike Route__Cycle Track__On-Road Bike Lane,Major_Cate,Unpaved Trail,Major_Cate,Multi-use Path
46,multi-use,,bc,Vernon,Vernon_Walkways,City of Vernon,https://opendata.arcgis.com/api/v3/datasets/e673605087204dfcb897de2ed1ec2e5a_0/downloads/data?format=shp&spatialRefId=26911,https://www.vernon.ca/government-services/maps-gis/open-data-catalogue,shp,OBJECTID,Location,WALK_TYPE,MATERIAL,,geometry,linestring,,,,,WALK_TYPE,Stairs w ramp__Stairs__Sidewalk__Off-road trail,WALK_TYPE,Connector__Major multi-use__Paved multi-use__Unpaved multi
47,biking,,bc,Victoria,Bike_Lanes,City of Victoria,https://opendata.arcgis.com/api/v3/datasets/34632d5ee89d40ffa0462e717ae49d0b_23/downloads/data?format=shp&spatialRefId=3157,https://opendata.victoria.ca/pages/open-data-licence,shp,OBJECTID_1,,BikeLaneTy,,Width,geometry,linestring,,,,,,,,
48,walking,footpaths,bc,Victoria,Footpaths,City of Victoria,https://opendata.arcgis.com/api/v3/datasets/58f0852ed8bd43328048ab6ddcc28e77_16/downloads/data?format=shp&spatialRefId=3157,https://opendata.victoria.ca/pages/open-data-licence,shp,OBJECTID,Name,,,,geometry,linestring,,,,,,,,
49,multi-use,,bc,Victoria,Greenways_(OCP),City of Victoria,https://opendata.arcgis.com/api/v3/datasets/d67e6fb09ae84b9eb42e0901174ed2b5_5/downloads/data?format=shp&spatialRefId=3157,https://opendata.victoria.ca/pages/open-data-licence,shp,OBJECTID,,facility,,,geometry,linestring,,,,,facility,People Only Greenways,,
50,walking,sidewalks,bc,Victoria,Sidewalks,City of Victoria,https://opendata.arcgis.com/api/v3/datasets/59ad379b2a38458288d618060e435b51_5/downloads/data?format=shp&spatialRefId=3157,https://opendata.victoria.ca/pages/open-data-licence,shp,OBJECTID,,,,,geometry,polygon,,,,,,,,
51,biking,,bc,West Vancouver,ROADS_CYCLE_ROUTES_processed,City of West Vancouver,https://mapping.westvancouver.ca/PRODUCTS/OPEN/TRANSPORTATION/Cycle_Routes_SHP.ZIP,https://mapping.westvancouver.ca/OD/Open_Government_License_West_Vancouver-final.pdf,shp,GIS_ID,STREET_NAM,source_cla,SURFACE_L,,geometry,linestring,STATUS_L,Designated,,,,,,
52,walking,walking_routes,bc,Surrey,walking_routes,City of Surrey,https://cosmos.surrey.ca/geo_ref/Images/OpenDataArchives/Walking_Routes_KML.zip,https://data.surrey.ca/pages/open-government-licence-surrey,geojson,FACILITYID,,DESIGNATION,MATERIAL,WIDTH,geometry,linestring,,,,,,,,
0,walking,sidewalks,ns,East Hants,348c478b-d594-4e8b-9312-f6ebdd68db372020329-1-1b1bhxi.qbjrh,Municipality of East Hants,https://opendata.arcgis.com/api/v3/datasets/a3e4fe683f4f43da96c1fa538a474894_0/downloads/data?format=shp&spatialRefId=3857,https://ago-item-storage.s3.us-east-1.amazonaws.com/328d2dc2245e47a79dba05fe8a83ff59/Open_Data_User_License_Agreement.pdf?X-Amz-Security-Token=IQoJb3JpZ2luX2VjEPP%2F%2F%2F%2F%2F%2F%2F%2F%2F%2FwEaCXVzLWVhc3QtMSJHMEUCIQDwmkY6%2BRV2ULifCy54KrHeA0p4MMrhDgsLxLWsKdtQUwIga2nE7Nx2uga20pe%2Fc5XCqV%2Bcp6bsVNyBE9h80NddIpIqgwQIq%2F%2F%2F%2F%2F%2F%2F%2F%2F%2F%2FARAAGgw2MDQ3NTgxMDI2NjUiDNVhX5qRFd2hZ4gsQCrXA45rqj%2B4W8d7Eo05n%2BM1%2BkudMijJsQv95vxTxB3Q%2F%2F8Cqn9iUFtRq1ZP%2F63mn95UcIHzCopeDAKRafT4Iqr%2FmE7th2rMuA2xD9TP6qQCVoioUHt8l9kG5Ag1B%2Fjv9TtycLbfbjTKdJpcNKz3g54cY%2FNPUcUn4KLBiJoZqYwgYAoMt2jfzdU0%2FRAXWP8uWX9G%2BEvchquZgNW7W9ivD3B%2FRHcUn9GGVDyDhB%2B81ZEXNONw0mdG9tp0DhrPieE8vDo6SwSoUj0gXUgML2uVXBMYGUA7OCdz%2F%2FNY%2FTHhKfm7digT3qrJcC1K7Rb2Jy5WPSB%2BOE0KJTkdQ1ZYhpI2hN%2BtuWBhXg%2BFbK5DTssHh2%2BYEGSFT0A3vzshMN6tlh5uThEvdamFa5n9RrNz4Rg2kw%2BwFyOl7xBOTIsFosfHd6s6P8KvS7X%2FIqTguvaTJk07kGqWMpQ3UzqzSg4jgvtOR63ugSLmaHbOtw46blcJYJyQwO8LRDzTEgyAyI8zET1htX%2FTHnh4kknni3aV%2B8YHV4Sfiw722%2BRdr9a8x9uAUNT%2Bmk%2BRq1c1ZBefXWWC9hoWJyyxqXOg8RVt3WXz4Jne%2FcGYacUH0xfFS9UvIKuWvEcSAhjcVUktpEQ%2BEDCxj9WMBjqlAW71AYSQGySGRVEe1CJdBy3i2pmqbrCuTqods1iNIdi2l80y5vGEWlibJMiSltVLhlr4%2BaeAYHI%2FpPocaE7g2d6RLHKTjxzpwsHotDATv%2F12zh4IVvjRPnEAL08pMWoTV01Ey%2BA9xMx5oyiF0%2FDHVzIvcZjm%2BmBxYrQDh%2FMW3Dn0mYSGwG7sSf7k4Z0K517rICLaRMnr7hyZh9s0ZAFa39s%2BoxrdOA%3D%3D&X-Amz-Algorithm=AWS4-HMAC-SHA256&X-Amz-Date=20211117T190011Z&X-Amz-SignedHeaders=host&X-Amz-Expires=300&X-Amz-Credential=ASIAYZTTEKKE7CCYISPW%2F20211117%2Fus-east-1%2Fs3%2Faws4_request&X-Amz-Signature=af1e7def782f344d867720aef63e1aeb9e1ef01185c9a04ba91915f133a8aeab,shp,,,,Type,,geometry,linestring,,,,,,,,
1,multi-use,activetravelways,ns,Halifax,Active_Travelways,Halifax Regional Municipality,https://opendata.arcgis.com/api/v3/datasets/a3631c7664ef4ecb93afb1ea4c12022b_0/downloads/data?format=shp&spatialRefId=4326,https://www.halifax.ca/home/open-data/open-data-licence,shp,ASSETID,MNAME,ASSETCODE,MAT,WIDTH,geometry,linestring,ASSETSTAT,INS,,,ASSETCODE,PTH__SWD__WAK,ASSETCODE,MUT
2,multi-use,bikeinfrastructure,ns,Halifax,Bike_Infrastructure_and_Suggested_Routes,Halifax Regional Municipality,https://opendata.arcgis.com/api/v3/datasets/460bba0983504ff9a3d74f144128b1ad_0/downloads/data?format=shp&spatialRefId=4326,https://www.halifax.ca/home/open-data/open-data-licence,shp,BIKEFACID,,BIKETYPE,,,geometry,linestring,BIKETYPE,LOCALSTBW__MUPATH__PAINTEDBL__PAVESHLDR__PROTBL__SIGNBR,BIKETYPE,LOCALSTBW__PAINTEDBL__PAVESHLDR__PROTBL__SIGNBR,,,BIKETYPE,MUPATH
0,multi-use,,mb,Winnipeg,geo_export_c6932d84-8625-49af-bb0f-83f143ef87f4,City of Winnipeg,https://data.winnipeg.ca/Transportation-Planning-Traffic-Management/Active-Transportation-Network/wm39-dswz,https://data.winnipeg.ca/open-data-licence,shp,id,st_name,type,,,geometry,linestring,,,type,Bicycle Only__Protected Bicycle Lane__Shared Bus / Bicycle Lane__Painted Bicycle Lane__Buffered Bicycle Lane__Buffered Bike Lane__,,,type,Multi Use Paved__Multi Use Unpaved__Shared Use Lane__Temp - Traffic Calming Neighbourhoods__Park Path__UofM_Only__
1,walking,,mb,Winnipeg,geo_export_2c9334e4-4ff1-481d-9bf9-bc89e893ee04,City of Winnipeg,https://data.winnipeg.ca/api/geospatial/jdeq-xf3y?method=export&format=Shapefile,https://data.winnipeg.ca/open-data-licence,shp,id,,,surface_ma,width,geometry,linestring,,,,,,,,
0,biking,,qc,Blainville,Blainville_CyclingRoutes,Ville de Blainville,https://www.donneesquebec.ca/recherche/dataset/reseau-des-pistes-cyclables/resource/e7153857-4066-4d70-9e6c-afc1505a1825,https://www.donneesquebec.ca/licence/#cc-by,geojson,JMapId,,,,,geometry,linestring,,,,,,,,
1,multi-use,,qc,Drummondville,R_C3_A9seau_cyclable,Ville de Drummondville,https://donnees-vdrummondville.opendata.arcgis.com/datasets/r%C3%A9seau-cyclable/explore?location=45.893455%2C-72.485216%2C11.62,Request permission.,shp,OBJECTID,,TYPE,TYPEREVETE,,geometry,linestring,,,TYPE,Bande cyclable (marquage)__Piste cyclable (exclusif),,,TYPE,Voie partage
2,multi-use,,qc,Gatineau,PISTE_CYCLABLE,Ville de Gatineau,https://www.gatineau.ca/upload/donneesouvertes/PISTE_CYCLABLE.zip,https://creativecommons.org/licenses/by/4.0/legalcode.fr,shp,ENTITEID,,TYPE,REVETEMENT,LARGEUR,geometry,linestring,,,TYPE,Bande cyclable__Piste cyclable sur rue__Chausse dsigne,TYPE,,TYPE,Sentier polyvalent__Piste multifonctionnelle__Accotement asphalt__Autre__Sentier rcratif en site propre__Jointure
3,walking,,qc,Gatineau,TROTTOIR,Ville de Gatineau,https://www.gatineau.ca/upload/donneesouvertes/TROTTOIR.zip,https://creativecommons.org/licenses/by/4.0/legalcode.fr,shp,ENTITEID,,TYPE,,,geometry,linestring,,,,,,,,
4,biking,,qc,Laval,sad_reseau_cyclable,Ville de Laval,https://www.donneesquebec.ca/recherche/dataset/localisation-du-reseau-cyclable#,https://www.laval.ca/Pages/Fr/Citoyens/licence-utilisation-donnees-ouvertes.aspx,shp,,,,,,geometry,linestring,CATEG,_Axe de desserte locale ou rcrative existant__Axe superstructurant existant__Axe superstructurant existant,,,,,,
5,multi-use,,qc,Laval,surfaces_rue_et_transport_actif,Ville de Laval,https://www.donneesquebec.ca/recherche/dataset/surface-de-rue-et-transport-actif#,https://www.laval.ca/Pages/Fr/Citoyens/licence-utilisation-donnees-ouvertes.aspx,shp,,ODONYME,TYPE_SURFA,REVETEMENT,,geometry,polygon,,,TYPE_SURFA,Voie cyclable - Piste polyvalente__Voie cyclable - Piste cyclable__Tunnel - Piste cyclable__Viaduc - Piste cyclable,TYPE_SURFA,Trottoir__Escalier__Viaduc - Trottoir__Voie pitonnire - Sentier__Tunnel - Trottoir__Voie pitonnire - Passage__Passerelle pitonnire,TYPE_SURFA,Rue__Intersection__Chemin priv__Viaduc - Rue__Tunnel - Rue__Viaduc - Piste polyvalente__
6,multi-use,,qc,Longueuil,PisteCyclable,Ville de Longueuil,https://www.donneesquebec.ca/recherche/dataset/pistes-cyclables-longueuil#,https://www.donneesquebec.ca/fr/licence/#cc-by,shp,,,TYPE,,,geometry,linestring,,,TYPE,Chausse dsigne__Piste cyclable (unidirectionnelle)__Piste cyclable (bidirectionnelle)__Bande cyclable (unidirectionnelle)__Bande cyclable (bidirectionnelle)__Accotement revtu,,,TYPE,Sentier polyvalent__
7,multi-use,cycling,qc,Montreal,reseau_cyclable,Ville de Montral,https://data.montreal.ca/dataset/5ea29f40-1b5b-4f34-85b3-7c67088ff536/resource/234c8ee4-d9d8-4bb1-b957-3e5cd495a5aa/download/reseau_cyclable.zip,https://creativecommons.org/licenses/by/4.0/legalcode.fr,shp,ID,,TYPE_VOIE,,,geometry,linestring,,,,,,,,
8,multi-use,express-cycling,qc,Montreal,reseau-express-velo,Ville de Montral,https://data.montreal.ca/dataset/8a4bf03c-dff6-4add-b58b-c38954b0ed0d/resource/ad1dab9b-c488-4f59-b77a-1ad871d71762/download/reseau-express-velo.zip,https://creativecommons.org/licenses/by/4.0/legalcode.fr,shp,ID_TRC_GEO,,TYPE_VOIE,,,geometry,linestring,,,,,,,,
9,multi-use,paths,qc,Montreal,VOI_TROTTOIR_S_T12_processed,Ville de Montral,https://data.montreal.ca/dataset/cbea9e7b-9808-42b3-ac05-7d4313a65f98/resource/9847d07e-cc3d-42c0-a42f-c94ddca24a8a/download/voi_trottoir_s_t12_shp.zip,https://creativecommons.org/licenses/by/4.0/legalcode.fr,shp,ID_VOI_TRO,,UTILISATIO,srfc_type,,geometry,polygon,,,UTILISATIO,Voie cyclable,UTILISATIO,Piton,UTILISATIO,_Passage  niveau__NULL
10,biking,,qc,Quebec City,vdq-reseaucyclable,Ville de Qubec,https://www.donneesquebec.ca/recherche/dataset/vque_24#,https://www.donneesquebec.ca/politique-cadre/,shp,ID,,DESCRIPTIO,,,geometry,linestring,,,,,,,,
11,walking,,qc,Quebec City,vdq-infrastructurepietonne,Ville de Qubec,https://www.donneesquebec.ca/recherche/dataset/infrastructure-pietonne#,https://www.donneesquebec.ca/politique-cadre/,shp,ID,NOM_TOPOGR,TYPE,,,geometry,linestring,,,,,,,,
12,biking,,qc,Repentigny,Pistes cyclables,Ville de Repentigny,https://www.donneesquebec.ca/recherche/dataset/vrep-pistes-cyclables#,https://www.donneesquebec.ca/licence/#cc-by,shp,,NOM,TYPE,,,geometry,linestring,,,,,,,,
13,biking,,qc,Rimouski,PisteCyclable,Ville de Rimouski,https://www.donneesquebec.ca/recherche/dataset/pistes-cyclables-rim#,https://www.donneesquebec.ca/licence/#cc-by,shp,OBJECTID,,,,,geometry,linestring,,,,,,,,
14,multi-use,,qc,Rimouski,Voirie,Ville de Rimouski,https://www.donneesquebec.ca/recherche/dataset/voirie-rim,https://www.donneesquebec.ca/licence/#cc-by,shp,OBJECTID,CLASSIFICA,TYPE,,,geometry,multilinestring,,,,,TYPE,Trottoir,TYPE,Chausse__Intersection
15,walking,,qc,Rimouski,InfraPieton,Ville de Rimouski,https://www.donneesquebec.ca/recherche/dataset/infrapieton-rim#,https://www.donneesquebec.ca/licence/#cc-by,shp,OBJECTID,,TYPE,,,geometry,linestring,,,,,,,,
16,walking,,qc,Shawinigan,Sentiers_p_C3_A9destres,Ville de Shawinigan,https://www.donneesquebec.ca/recherche/dataset/3240891e262148ffb53fa485f720ba10_0#,https://www.donneesquebec.ca/licence/#cc-by,shp,OBJECTID,,,Type_Senti,,geometry,multilinestring,,,,,,,,
17,biking,,qc,Sherbrooke,Pistes_cyclables,Ville de Sherbrooke,https://www.donneesquebec.ca/recherche/dataset/e7b14d41a20c4aafa91ed4a9b99384c3_3#,https://www.donneesquebec.ca/licence/#cc-by,shp,OBJECTID,,,TYPEREVETE,,geometry,linestring,,,,,,,,
18,multi-use,,qc,Sherbrooke,Sentiers_p_C3_A9destres,Ville de Sherbrooke,https://www.donneesquebec.ca/recherche/dataset/4b98975ea6764d699d05a1ffd4716194_4#,https://www.donneesquebec.ca/licence/#cc-by,shp,OBJECTID,,,,,geometry,linestring,,,,,,,,
